{"timestamps": [1498726041.317748, 1498726067.939899, 1498726082.821123, 1498726113.27962, 1498726154.842124, 1498726200.497164, 1498726238.388292, 1498726275.002212, 1498726317.409068, 1498726346.677301, 1498726390.599326, 1498726430.59032, 1498726461.174792, 1498726504.737939, 1498726542.771927, 1498726583.40524, 1498726614.958538, 1498726650.93897, 1498726684.622817, 1498726712.094528, 1498726749.758313, 1498726788.117535, 1498726834.741376, 1498726872.246613, 1498726906.670347, 1498726939.758498, 1498726976.124446, 1498727018.117781, 1498727056.086236, 1498727106.862839, 1498727151.003526, 1498727215.769933, 1498727261.933134, 1498727310.317024, 1498727355.610777, 1498727402.48718, 1498727435.257605, 1498727465.707785, 1498727496.651877, 1498727545.660279, 1498727581.239083, 1498727622.885743, 1498727655.126555, 1498727727.292545, 1498727792.237038, 1498727834.498347, 1498727871.917921, 1498727903.259671, 1498727936.428847, 1498727985.163631, 1498728021.844819, 1498728058.021834, 1498728092.110383, 1498728134.798762, 1498728195.398752, 1498728241.178217, 1498728301.599328, 1498728340.843476, 1498728381.328506, 1498728421.685324, 1498728457.118333, 1498728493.613721, 1498728508.129744], "initial_reset_timestamp": 1498726022.982504, "episode_types": ["t", "t", "t", "t", "t", "t", "t", "t", "t", "t", "t", "t", "t", "t", "t", "t", "t", "t", "t", "t", "t", "t", "t", "t", "t", "t", "t", "t", "t", "t", "t", "t", "t", "t", "t", "t", "t", "t", "t", "t", "t", "t", "t", "t", "t", "t", "t", "t", "t", "t", "t", "t", "t", "t", "t", "t", "t", "t", "t", "t", "t", "t", "t"], "episode_lengths": [5015, 5651, 4654, 5508, 5777, 6100, 5263, 4937, 4853, 4344, 5730, 5420, 4220, 6077, 5434, 5843, 4726, 5470, 4903, 4503, 5279, 5320, 6117, 5265, 4567, 4424, 5122, 4853, 4863, 5025, 4940, 5748, 4709, 4787, 4569, 5417, 4974, 4546, 4642, 6712, 4291, 5406, 4126, 6601, 6708, 5835, 5827, 4485, 4479, 6797, 5667, 5309, 4148, 4967, 6462, 4898, 5557, 5808, 6125, 5778, 5738, 6555, 4855], "episode_rewards": [-8.0, -7.0, -9.0, -1.0, -7.0, -2.0, -10.0, -9.0, -10.0, -9.0, -3.0, -7.0, -12.0, 4.0, -7.0, -4.0, -9.0, -3.0, -6.0, -11.0, -9.0, -11.0, -6.0, -6.0, -7.0, -14.0, -9.0, -8.0, -6.0, -5.0, -8.0, 2.0, -11.0, -8.0, -8.0, -6.0, -6.0, -8.0, -10.0, -3.0, -10.0, -7.0, -13.0, 2.0, -2.0, -6.0, -9.0, -12.0, -10.0, -1.0, -4.0, 10.0, -12.0, -9.0, 4.0, -10.0, -7.0, 3.0, -1.0, -6.0, -3.0, -3.0, -8.0]}