{"timestamps": [1498737199.857065, 1498737239.826913, 1498737280.300476, 1498737311.578899, 1498737340.924555, 1498737372.51786, 1498737405.096993, 1498737441.368534, 1498737490.53936, 1498737530.001097, 1498737564.45528, 1498737593.799848, 1498737627.19256, 1498737668.658277, 1498737696.896975, 1498737732.730712, 1498737767.802327, 1498737805.506808, 1498737840.487194, 1498737868.53192, 1498737899.170487, 1498737924.364325, 1498737955.915243, 1498737989.632533, 1498738024.380109, 1498738052.883377, 1498738092.148158, 1498738131.213579, 1498738167.62405, 1498738193.204277], "initial_reset_timestamp": 1498737159.008338, "episode_types": ["t", "t", "t", "t", "t", "t", "t", "t", "t", "t", "t", "t", "t", "t", "t", "t", "t", "t", "t", "t", "t", "t", "t", "t", "t", "t", "t", "t", "t", "t"], "episode_lengths": [5954, 5452, 7065, 4819, 4699, 4859, 5104, 5454, 6653, 5556, 6354, 4759, 6262, 7122, 4733, 6373, 5196, 6934, 5898, 5227, 5331, 4639, 5235, 6096, 5884, 5060, 6359, 5867, 5030, 4300], "episode_rewards": [-4.0, -10.0, -1.0, -7.0, -8.0, -7.0, -10.0, -3.0, 3.0, -9.0, -2.0, -10.0, 2.0, -2.0, -8.0, -8.0, -6.0, 2.0, -4.0, -6.0, -6.0, -10.0, -9.0, -3.0, -8.0, -8.0, -3.0, -6.0, -7.0, -13.0]}