{"timestamps": [1498724380.042645, 1498724435.261735, 1498724477.822685, 1498724516.872378, 1498724558.395657, 1498724598.30262, 1498724640.185757, 1498724683.745508, 1498724740.231248, 1498724776.005761, 1498724812.649312, 1498724861.334089, 1498724901.183168, 1498724948.154648, 1498724982.909281, 1498725026.10087, 1498725064.235213, 1498725104.233525, 1498725144.069388, 1498725189.679436, 1498725235.405693, 1498725272.818148, 1498725311.606788, 1498725345.035258, 1498725387.197274, 1498725428.634572, 1498725464.452124, 1498725510.952452, 1498725546.780044, 1498725574.605985, 1498725609.755434, 1498725637.925023, 1498725676.979392, 1498725702.789781, 1498725742.024398, 1498725776.631787], "initial_reset_timestamp": 1498724341.199314, "episode_types": ["t", "t", "t", "t", "t", "t", "t", "t", "t", "t", "t", "t", "t", "t", "t", "t", "t", "t", "t", "t", "t", "t", "t", "t", "t", "t", "t", "t", "t", "t", "t", "t", "t", "t", "t", "t"], "episode_lengths": [5370, 6226, 5748, 5593, 5347, 5425, 6172, 6482, 6454, 5113, 5309, 6841, 5427, 6629, 5267, 6020, 5435, 5722, 5515, 6701, 6711, 5587, 5305, 4757, 5969, 7009, 6574, 7328, 6877, 5654, 6811, 5335, 7448, 5064, 6793, 6183], "episode_rewards": [-15.0, -13.0, -10.0, -17.0, -18.0, -10.0, -17.0, -10.0, -11.0, -14.0, -17.0, -10.0, -12.0, -7.0, -17.0, -10.0, -14.0, -19.0, -12.0, -9.0, -12.0, -12.0, -16.0, -15.0, -15.0, -7.0, -7.0, -11.0, -11.0, -10.0, -16.0, -15.0, -11.0, -15.0, -10.0, -13.0]}