{"episode_lengths": [4284, 6060, 6338, 5833, 5197, 4613, 7206, 4039, 5391, 5397, 6288, 5904, 5096, 7628, 6052, 7005, 5799, 6670, 5572, 7341, 7149, 5442, 7708, 4895, 6902, 6717, 6353, 6543, 6226, 8291, 8086, 7855, 7479, 6526], "episode_rewards": [-15.0, -13.0, -12.0, -15.0, -16.0, -18.0, -12.0, -16.0, -13.0, -19.0, -11.0, -15.0, -14.0, -14.0, -12.0, -4.0, -19.0, -11.0, -14.0, -16.0, -17.0, -18.0, -3.0, -16.0, -5.0, -14.0, -16.0, -15.0, -9.0, -10.0, -10.0, -11.0, -11.0, -15.0], "initial_reset_timestamp": 1498724192.2202148, "episode_types": ["t", "t", "t", "t", "t", "t", "t", "t", "t", "t", "t", "t", "t", "t", "t", "t", "t", "t", "t", "t", "t", "t", "t", "t", "t", "t", "t", "t", "t", "t", "t", "t", "t", "t"], "timestamps": [1498724213.3390834, 1498724257.9782367, 1498724315.7649481, 1498724344.844811, 1498724381.5895152, 1498724420.1838677, 1498724481.5677354, 1498724514.060262, 1498724570.252893, 1498724614.0109441, 1498724663.650593, 1498724710.423445, 1498724748.7722013, 1498724811.184987, 1498724858.8296447, 1498724918.023052, 1498724964.1583376, 1498725016.7450657, 1498725061.4418466, 1498725120.4011335, 1498725175.242769, 1498725219.9074159, 1498725278.471997, 1498725318.7984197, 1498725375.9868968, 1498725421.4494736, 1498725460.9944313, 1498725507.4762795, 1498725543.3449154, 1498725587.4792604, 1498725636.364937, 1498725680.413038, 1498725723.674681, 1498725766.7469387]}