{"timestamps": [1498729080.351936, 1498729105.56501, 1498729125.601948, 1498729146.681447], "initial_reset_timestamp": 1498729057.260744, "episode_types": ["t", "t", "t", "t"], "episode_lengths": [5701, 5917, 5492, 5754], "episode_rewards": [-3.0, -3.0, -5.0, -4.0]}