{"episode_lengths": [3594, 3871, 4491, 4425, 4532, 5193, 5075, 5993, 5583, 4845, 5053, 5080, 3557, 4335, 5413, 4840, 4794, 5491, 5075, 4928, 4871, 5490, 4026, 5294, 5241, 5229, 4138, 4534, 4830, 6122, 5089, 4943, 4678, 4354, 5290, 6038, 6031, 4258, 5941, 4543, 4044, 5442, 5054, 4458, 4987, 4765, 4596, 6204, 4864, 4890, 4340, 4614, 3484, 6072, 5069, 4262, 5849, 4517, 4913, 3973, 5467, 6385, 5173], "timestamps": [1498726121.0006194, 1498726154.158842, 1498726188.9458156, 1498726219.1561933, 1498726252.1333876, 1498726292.0065565, 1498726326.8149579, 1498726366.2677236, 1498726414.2557197, 1498726452.1996374, 1498726489.0213108, 1498726519.9605207, 1498726545.8726735, 1498726573.135309, 1498726613.5668366, 1498726645.0932732, 1498726671.8478234, 1498726711.4512491, 1498726745.1368196, 1498726781.1166337, 1498726817.008678, 1498726856.5046787, 1498726884.4269183, 1498726923.02938, 1498726965.071257, 1498726999.0589018, 1498727027.3047974, 1498727075.2245338, 1498727122.7835484, 1498727190.4225295, 1498727247.4518523, 1498727292.6185424, 1498727340.5814044, 1498727387.8838108, 1498727421.2817736, 1498727459.924898, 1498727499.16134, 1498727528.2417524, 1498727574.9942582, 1498727608.2616713, 1498727634.791199, 1498727692.0197024, 1498727744.7896278, 1498727789.911522, 1498727825.3967469, 1498727859.0084627, 1498727891.532414, 1498727933.289376, 1498727966.3757849, 1498727998.195793, 1498728025.5784535, 1498728056.3757586, 1498728085.7858846, 1498728137.8779006, 1498728186.0890203, 1498728227.2398765, 1498728287.0716987, 1498728321.3819144, 1498728353.3982086, 1498728381.2273667, 1498728416.8345342, 1498728456.795989, 1498728487.6235034], "initial_reset_timestamp": 1498726095.1047401, "episode_rewards": [-14.0, -13.0, -14.0, -9.0, -9.0, -7.0, -7.0, -8.0, -8.0, -9.0, -6.0, -11.0, -13.0, -14.0, -4.0, -7.0, -10.0, -6.0, -9.0, -10.0, -7.0, -5.0, -12.0, -6.0, -4.0, -8.0, -12.0, -13.0, -11.0, -4.0, -7.0, -12.0, -8.0, -7.0, -7.0, -3.0, -1.0, -10.0, -5.0, -9.0, -10.0, -10.0, -9.0, -13.0, -2.0, -6.0, -11.0, -2.0, -8.0, -10.0, -7.0, -9.0, -15.0, -4.0, -6.0, -9.0, -3.0, -12.0, -8.0, -14.0, -11.0, -2.0, -5.0], "episode_types": ["t", "t", "t", "t", "t", "t", "t", "t", "t", "t", "t", "t", "t", "t", "t", "t", "t", "t", "t", "t", "t", "t", "t", "t", "t", "t", "t", "t", "t", "t", "t", "t", "t", "t", "t", "t", "t", "t", "t", "t", "t", "t", "t", "t", "t", "t", "t", "t", "t", "t", "t", "t", "t", "t", "t", "t", "t", "t", "t", "t", "t", "t", "t"]}